frequency,in ear w/o bass,in ear,over ear w/o bass,over ear
20,-1.64,7.26,-1.51,4.36
20.2,-1.64,7.26,-1.51,4.36
20.4,-1.64,7.26,-1.51,4.36
20.61,-1.64,7.26,-1.51,4.36
20.81,-1.65,7.25,-1.51,4.36
21.02,-1.65,7.25,-1.51,4.36
21.23,-1.65,7.25,-1.53,4.34
21.44,-1.64,7.26,-1.54,4.33
21.66,-1.65,7.25,-1.56,4.31
21.87,-1.65,7.25,-1.58,4.29
22.09,-1.66,7.24,-1.59,4.28
22.31,-1.66,7.24,-1.62,4.25
22.54,-1.67,7.23,-1.64,4.23
22.76,-1.67,7.23,-1.66,4.21
22.99,-1.67,7.22,-1.69,4.18
23.22,-1.68,7.21,-1.72,4.15
23.45,-1.68,7.21,-1.74,4.12
23.69,-1.69,7.2,-1.75,4.11
23.92,-1.7,7.19,-1.77,4.09
24.16,-1.7,7.19,-1.78,4.08
24.4,-1.7,7.19,-1.8,4.06
24.65,-1.7,7.19,-1.82,4.04
24.89,-1.7,7.19,-1.84,4.02
25.14,-1.7,7.18,-1.85,4.01
25.39,-1.71,7.17,-1.87,3.99
25.65,-1.71,7.17,-1.88,3.98
25.91,-1.71,7.17,-1.91,3.95
26.16,-1.7,7.18,-1.92,3.94
26.43,-1.7,7.18,-1.93,3.93
26.69,-1.7,7.18,-1.95,3.9
26.96,-1.7,7.17,-1.96,3.89
27.23,-1.7,7.17,-1.97,3.88
27.5,-1.7,7.17,-1.98,3.87
27.77,-1.69,7.18,-2,3.85
28.05,-1.7,7.17,-2.01,3.84
28.33,-1.7,7.16,-2.03,3.82
28.62,-1.71,7.15,-2.04,3.81
28.9,-1.7,7.16,-2.05,3.79
29.19,-1.71,7.15,-2.07,3.77
29.48,-1.72,7.14,-2.07,3.77
29.78,-1.72,7.13,-2.08,3.76
30.08,-1.72,7.13,-2.09,3.75
30.38,-1.73,7.12,-2.11,3.73
30.68,-1.73,7.11,-2.12,3.72
30.99,-1.73,7.11,-2.14,3.69
31.3,-1.73,7.11,-2.15,3.68
31.61,-1.73,7.11,-2.16,3.67
31.93,-1.73,7.1,-2.18,3.65
32.24,-1.72,7.11,-2.21,3.62
32.57,-1.73,7.1,-2.22,3.6
32.89,-1.72,7.1,-2.23,3.59
33.22,-1.72,7.1,-2.26,3.56
33.55,-1.72,7.09,-2.27,3.55
33.89,-1.73,7.08,-2.29,3.52
34.23,-1.74,7.06,-2.31,3.5
34.57,-1.74,7.06,-2.33,3.48
34.92,-1.76,7.04,-2.35,3.46
35.27,-1.76,7.03,-2.36,3.44
35.62,-1.79,7,-2.38,3.42
35.97,-1.8,6.98,-2.4,3.4
36.33,-1.82,6.95,-2.41,3.38
36.7,-1.85,6.92,-2.43,3.36
37.06,-1.87,6.89,-2.45,3.34
37.43,-1.9,6.86,-2.46,3.32
37.81,-1.92,6.83,-2.48,3.3
38.19,-1.95,6.79,-2.5,3.27
38.57,-1.97,6.77,-2.51,3.26
38.95,-1.99,6.74,-2.53,3.23
39.34,-2.02,6.7,-2.55,3.21
39.74,-2.04,6.67,-2.57,3.19
40.14,-2.06,6.65,-2.57,3.18
40.54,-2.07,6.63,-2.59,3.16
40.94,-2.09,6.6,-2.6,3.14
41.35,-2.11,6.57,-2.62,3.11
41.76,-2.13,6.54,-2.62,3.11
42.18,-2.13,6.53,-2.63,3.09
42.6,-2.15,6.5,-2.65,3.07
43.03,-2.17,6.47,-2.65,3.06
43.46,-2.18,6.45,-2.67,3.03
43.9,-2.19,6.43,-2.69,3.01
44.33,-2.21,6.39,-2.7,2.99
44.78,-2.22,6.37,-2.71,2.97
45.23,-2.22,6.36,-2.73,2.94
45.68,-2.25,6.32,-2.74,2.92
46.13,-2.28,6.27,-2.75,2.91
46.6,-2.29,6.25,-2.75,2.9
47.06,-2.31,6.21,-2.76,2.88
47.53,-2.33,6.18,-2.77,2.86
48.01,-2.37,6.12,-2.77,2.85
48.49,-2.39,6.09,-2.79,2.82
48.97,-2.42,6.04,-2.81,2.79
49.46,-2.44,6,-2.83,2.76
49.96,-2.49,5.93,-2.85,2.73
50.46,-2.51,5.89,-2.84,2.72
50.96,-2.54,5.84,-2.85,2.7
51.47,-2.56,5.8,-2.87,2.67
51.99,-2.59,5.75,-2.88,2.65
52.51,-2.61,5.71,-2.88,2.63
53.03,-2.62,5.68,-2.89,2.61
53.56,-2.65,5.63,-2.9,2.58
54.1,-2.68,5.57,-2.91,2.56
54.64,-2.7,5.53,-2.92,2.53
55.18,-2.73,5.47,-2.93,2.51
55.74,-2.75,5.43,-2.94,2.48
56.29,-2.76,5.39,-2.94,2.46
56.86,-2.77,5.35,-2.95,2.43
57.42,-2.8,5.29,-2.96,2.41
58,-2.81,5.25,-2.96,2.39
58.58,-2.81,5.22,-2.97,2.36
59.16,-2.82,5.18,-2.97,2.34
59.76,-2.83,5.14,-2.97,2.32
60.35,-2.86,5.07,-2.98,2.29
60.96,-2.88,5.02,-2.97,2.27
61.57,-2.92,4.94,-2.99,2.23
62.18,-2.95,4.88,-3,2.2
62.8,-2.97,4.82,-3,2.17
63.43,-3,4.75,-3.01,2.14
64.07,-3.01,4.7,-3.01,2.11
64.71,-3.02,4.65,-3,2.09
65.35,-3.03,4.6,-3,2.07
66.01,-3.04,4.54,-2.99,2.05
66.67,-3.04,4.5,-2.99,2.02
67.33,-3.06,4.43,-2.98,2
68.01,-3.07,4.38,-2.98,1.97
68.69,-3.08,4.32,-2.97,1.95
69.37,-3.08,4.27,-2.97,1.92
70.07,-3.08,4.22,-2.96,1.89
70.77,-3.09,4.16,-2.95,1.87
71.48,-3.1,4.1,-2.95,1.84
72.19,-3.11,4.03,-2.94,1.81
72.91,-3.11,3.98,-2.94,1.77
73.64,-3.12,3.91,-2.94,1.74
74.38,-3.12,3.85,-2.93,1.71
75.12,-3.12,3.8,-2.94,1.66
75.87,-3.1,3.76,-2.93,1.63
76.63,-3.1,3.7,-2.92,1.6
77.4,-3.09,3.64,-2.92,1.56
78.17,-3.09,3.58,-2.93,1.5
78.95,-3.06,3.55,-2.91,1.48
79.74,-3.05,3.49,-2.91,1.44
80.54,-3.04,3.43,-2.91,1.39
81.35,-3.02,3.39,-2.91,1.35
82.16,-3,3.34,-2.91,1.3
82.98,-2.99,3.28,-2.9,1.26
83.81,-2.97,3.23,-2.91,1.2
84.65,-2.96,3.17,-2.91,1.16
85.5,-2.94,3.12,-2.9,1.12
86.35,-2.91,3.07,-2.9,1.07
87.22,-2.89,3.02,-2.9,1.02
88.09,-2.87,2.96,-2.9,0.96
88.97,-2.85,2.91,-2.89,0.92
89.86,-2.83,2.85,-2.89,0.87
90.76,-2.81,2.79,-2.9,0.81
91.66,-2.79,2.74,-2.89,0.76
92.58,-2.77,2.68,-2.9,0.7
93.51,-2.75,2.62,-2.88,0.66
94.44,-2.73,2.56,-2.88,0.61
95.39,-2.72,2.49,-2.88,0.55
96.34,-2.71,2.42,-2.89,0.48
97.3,-2.69,2.36,-2.89,0.43
98.28,-2.69,2.27,-2.89,0.37
99.26,-2.68,2.2,-2.9,0.3
100.25,-2.66,2.14,-2.9,0.25
101.25,-2.64,2.08,-2.9,0.19
102.27,-2.62,2.02,-2.91,0.12
103.29,-2.6,1.95,-2.92,0.05
104.32,-2.57,1.9,-2.92,0
105.37,-2.55,1.84,-2.92,-0.06
106.42,-2.52,1.78,-2.93,-0.13
107.48,-2.51,1.71,-2.94,-0.2
108.56,-2.48,1.66,-2.95,-0.27
109.64,-2.45,1.61,-2.96,-0.33
110.74,-2.43,1.54,-2.96,-0.39
111.85,-2.41,1.48,-2.97,-0.46
112.97,-2.39,1.42,-3,-0.54
114.1,-2.37,1.36,-3,-0.6
115.24,-2.36,1.29,-3.01,-0.67
116.39,-2.36,1.21,-3.03,-0.74
117.55,-2.34,1.15,-3.04,-0.81
118.73,-2.34,1.07,-3.05,-0.87
119.92,-2.33,1,-3.05,-0.93
121.12,-2.31,0.94,-3.06,-0.99
122.33,-2.31,0.86,-3.07,-1.06
123.55,-2.3,0.8,-3.07,-1.11
124.79,-2.29,0.73,-3.08,-1.17
126.03,-2.29,0.66,-3.08,-1.22
127.29,-2.3,0.57,-3.09,-1.28
128.57,-2.3,0.5,-3.11,-1.35
129.85,-2.3,0.42,-3.11,-1.4
131.15,-2.3,0.35,-3.11,-1.45
132.46,-2.3,0.28,-3.12,-1.51
133.79,-2.29,0.22,-3.11,-1.55
135.12,-2.29,0.15,-3.12,-1.61
136.48,-2.27,0.11,-3.11,-1.64
137.84,-2.26,0.05,-3.1,-1.68
139.22,-2.26,-0.02,-3.11,-1.73
140.61,-2.24,-0.06,-3.11,-1.77
142.02,-2.23,-0.11,-3.08,-1.79
143.44,-2.22,-0.17,-3.07,-1.82
144.87,-2.2,-0.21,-3.07,-1.86
146.32,-2.19,-0.26,-3.06,-1.89
147.78,-2.18,-0.31,-3.04,-1.91
149.26,-2.17,-0.35,-3.03,-1.94
150.75,-2.17,-0.41,-3.03,-1.98
152.26,-2.15,-0.44,-3.02,-2
153.78,-2.15,-0.5,-3.01,-2.03
155.32,-2.14,-0.54,-3,-2.05
156.88,-2.14,-0.59,-2.99,-2.08
158.44,-2.14,-0.64,-2.99,-2.11
160.03,-2.14,-0.69,-2.99,-2.14
161.63,-2.14,-0.74,-2.99,-2.17
163.24,-2.16,-0.81,-2.98,-2.2
164.88,-2.16,-0.85,-2.97,-2.22
166.53,-2.17,-0.91,-2.97,-2.24
168.19,-2.17,-0.95,-2.98,-2.28
169.87,-2.18,-1,-2.98,-2.31
171.57,-2.2,-1.07,-2.98,-2.34
173.29,-2.21,-1.12,-2.98,-2.36
175.02,-2.22,-1.16,-2.99,-2.4
176.77,-2.23,-1.21,-3.01,-2.44
178.54,-2.24,-1.26,-3.02,-2.48
180.32,-2.26,-1.32,-3.03,-2.51
182.13,-2.27,-1.36,-3.04,-2.54
183.95,-2.28,-1.4,-3.06,-2.58
185.79,-2.3,-1.46,-3.07,-2.62
187.65,-2.31,-1.5,-3.09,-2.66
189.52,-2.33,-1.55,-3.1,-2.69
191.42,-2.35,-1.6,-3.11,-2.71
193.33,-2.37,-1.65,-3.11,-2.73
195.27,-2.39,-1.7,-3.12,-2.76
197.22,-2.41,-1.75,-3.13,-2.79
199.19,-2.42,-1.78,-3.16,-2.84
201.18,-2.44,-1.83,-3.16,-2.85
203.19,-2.45,-1.86,-3.16,-2.87
205.23,-2.46,-1.9,-3.17,-2.89
207.28,-2.47,-1.93,-3.16,-2.9
209.35,-2.49,-1.97,-3.18,-2.93
211.44,-2.5,-2.01,-3.19,-2.95
213.56,-2.52,-2.05,-3.19,-2.97
215.69,-2.53,-2.08,-3.18,-2.97
217.85,-2.54,-2.11,-3.18,-2.98
220.03,-2.56,-2.15,-3.19,-3.01
222.23,-2.57,-2.17,-3.19,-3.02
224.45,-2.58,-2.2,-3.17,-3.01
226.7,-2.59,-2.23,-3.17,-3.02
228.96,-2.59,-2.25,-3.16,-3.02
231.25,-2.6,-2.27,-3.14,-3.01
233.57,-2.61,-2.3,-3.12,-3
235.9,-2.63,-2.33,-3.11,-3
238.26,-2.64,-2.36,-3.1,-3
240.64,-2.63,-2.36,-3.07,-2.98
243.05,-2.64,-2.38,-3.05,-2.96
245.48,-2.65,-2.41,-3.02,-2.94
247.93,-2.66,-2.43,-3,-2.93
250.41,-2.65,-2.43,-2.98,-2.92
252.92,-2.65,-2.44,-2.94,-2.88
255.45,-2.66,-2.46,-2.91,-2.86
258,-2.66,-2.47,-2.88,-2.84
260.58,-2.66,-2.48,-2.86,-2.82
263.19,-2.67,-2.5,-2.83,-2.8
265.82,-2.67,-2.51,-2.8,-2.78
268.48,-2.67,-2.52,-2.77,-2.75
271.16,-2.68,-2.54,-2.73,-2.72
273.87,-2.68,-2.55,-2.71,-2.7
276.61,-2.69,-2.57,-2.67,-2.67
279.38,-2.7,-2.59,-2.65,-2.65
282.17,-2.7,-2.6,-2.62,-2.63
284.99,-2.69,-2.59,-2.59,-2.6
287.84,-2.69,-2.6,-2.56,-2.58
290.72,-2.71,-2.63,-2.52,-2.54
293.63,-2.7,-2.62,-2.5,-2.52
296.57,-2.7,-2.63,-2.46,-2.49
299.53,-2.7,-2.64,-2.43,-2.46
302.53,-2.7,-2.64,-2.4,-2.44
305.55,-2.7,-2.65,-2.35,-2.39
308.61,-2.7,-2.65,-2.32,-2.36
311.69,-2.7,-2.66,-2.28,-2.32
314.81,-2.7,-2.66,-2.24,-2.29
317.96,-2.7,-2.67,-2.21,-2.26
321.14,-2.69,-2.66,-2.18,-2.23
324.35,-2.7,-2.68,-2.15,-2.21
327.59,-2.68,-2.66,-2.11,-2.17
330.87,-2.68,-2.67,-2.08,-2.14
334.18,-2.69,-2.68,-2.06,-2.12
337.52,-2.68,-2.67,-2.03,-2.1
340.9,-2.68,-2.68,-2,-2.07
344.3,-2.67,-2.67,-1.98,-2.05
347.75,-2.66,-2.66,-1.95,-2.02
351.23,-2.67,-2.68,-1.93,-2
354.74,-2.65,-2.66,-1.91,-1.99
358.28,-2.66,-2.67,-1.89,-1.97
361.87,-2.65,-2.67,-1.87,-1.95
365.49,-2.65,-2.67,-1.84,-1.92
369.14,-2.64,-2.66,-1.83,-1.91
372.83,-2.64,-2.66,-1.81,-1.9
376.56,-2.64,-2.67,-1.79,-1.88
380.33,-2.64,-2.67,-1.76,-1.85
384.13,-2.64,-2.67,-1.74,-1.83
387.97,-2.63,-2.66,-1.72,-1.81
391.85,-2.63,-2.67,-1.7,-1.79
395.77,-2.63,-2.67,-1.67,-1.76
399.73,-2.63,-2.67,-1.65,-1.74
403.72,-2.62,-2.66,-1.63,-1.73
407.76,-2.62,-2.66,-1.61,-1.71
411.84,-2.62,-2.66,-1.58,-1.68
415.96,-2.61,-2.66,-1.56,-1.66
420.12,-2.62,-2.67,-1.54,-1.64
424.32,-2.62,-2.67,-1.51,-1.61
428.56,-2.61,-2.66,-1.49,-1.59
432.85,-2.61,-2.66,-1.47,-1.57
437.18,-2.62,-2.67,-1.44,-1.54
441.55,-2.62,-2.67,-1.41,-1.51
445.96,-2.62,-2.68,-1.39,-1.49
450.42,-2.62,-2.68,-1.37,-1.48
454.93,-2.62,-2.68,-1.33,-1.44
459.48,-2.62,-2.68,-1.31,-1.42
464.07,-2.61,-2.67,-1.28,-1.39
468.71,-2.61,-2.67,-1.24,-1.35
473.4,-2.61,-2.67,-1.22,-1.33
478.13,-2.61,-2.67,-1.19,-1.3
482.91,-2.61,-2.67,-1.16,-1.27
487.74,-2.6,-2.67,-1.13,-1.24
492.62,-2.6,-2.67,-1.1,-1.21
497.55,-2.6,-2.67,-1.08,-1.19
502.52,-2.6,-2.67,-1.04,-1.15
507.55,-2.59,-2.66,-1.02,-1.13
512.62,-2.59,-2.66,-0.99,-1.1
517.75,-2.57,-2.64,-0.96,-1.07
522.93,-2.57,-2.64,-0.93,-1.04
528.16,-2.57,-2.64,-0.91,-1.02
533.44,-2.57,-2.64,-0.88,-0.99
538.77,-2.56,-2.63,-0.85,-0.96
544.16,-2.55,-2.62,-0.82,-0.93
549.6,-2.54,-2.61,-0.79,-0.9
555.1,-2.53,-2.6,-0.77,-0.89
560.65,-2.52,-2.59,-0.73,-0.85
566.25,-2.52,-2.59,-0.7,-0.82
571.92,-2.51,-2.58,-0.68,-0.8
577.64,-2.5,-2.58,-0.65,-0.77
583.41,-2.5,-2.58,-0.62,-0.74
589.25,-2.49,-2.57,-0.58,-0.7
595.14,-2.48,-2.56,-0.55,-0.67
601.09,-2.48,-2.56,-0.52,-0.64
607.1,-2.46,-2.54,-0.48,-0.6
613.17,-2.44,-2.52,-0.44,-0.56
619.3,-2.42,-2.5,-0.41,-0.53
625.5,-2.4,-2.48,-0.37,-0.49
631.75,-2.39,-2.47,-0.35,-0.47
638.07,-2.37,-2.45,-0.31,-0.43
644.45,-2.34,-2.42,-0.29,-0.41
650.89,-2.33,-2.41,-0.25,-0.37
657.4,-2.29,-2.37,-0.23,-0.35
663.98,-2.28,-2.36,-0.2,-0.32
670.62,-2.25,-2.33,-0.18,-0.3
677.32,-2.22,-2.3,-0.16,-0.28
684.1,-2.19,-2.27,-0.14,-0.26
690.94,-2.15,-2.23,-0.11,-0.23
697.85,-2.12,-2.2,-0.1,-0.22
704.83,-2.08,-2.16,-0.08,-0.2
711.87,-2.04,-2.12,-0.06,-0.18
718.99,-2,-2.08,-0.05,-0.17
726.18,-1.96,-2.04,-0.03,-0.15
733.44,-1.92,-2,-0.01,-0.13
740.78,-1.88,-1.96,0.02,-0.1
748.19,-1.83,-1.91,0.04,-0.08
755.67,-1.78,-1.86,0.05,-0.07
763.23,-1.74,-1.82,0.07,-0.05
770.86,-1.69,-1.77,0.09,-0.03
778.57,-1.64,-1.72,0.11,-0.01
786.35,-1.59,-1.67,0.13,0.01
794.22,-1.52,-1.6,0.14,0.02
802.16,-1.47,-1.55,0.16,0.04
810.18,-1.42,-1.5,0.17,0.05
818.28,-1.36,-1.44,0.17,0.05
826.46,-1.31,-1.39,0.19,0.07
834.73,-1.24,-1.32,0.18,0.06
843.08,-1.18,-1.26,0.19,0.07
851.51,-1.12,-1.2,0.18,0.06
860.02,-1.06,-1.14,0.19,0.07
868.62,-0.99,-1.07,0.18,0.06
877.31,-0.92,-1,0.18,0.06
886.08,-0.85,-0.93,0.17,0.05
894.94,-0.79,-0.87,0.17,0.05
903.89,-0.71,-0.79,0.16,0.04
912.93,-0.64,-0.72,0.15,0.03
922.06,-0.55,-0.63,0.15,0.03
931.28,-0.48,-0.56,0.13,0.01
940.59,-0.4,-0.48,0.13,0.01
950,-0.32,-0.4,0.12,0
959.5,-0.25,-0.33,0.12,0
969.09,-0.16,-0.24,0.13,0.01
978.78,-0.09,-0.17,0.12,0
988.57,0,-0.08,0.12,0
998.46,0.07,-0.01,0.12,0
1008.44,0.16,0.08,0.13,0.01
1018.53,0.24,0.16,0.13,0.01
1028.71,0.32,0.24,0.14,0.02
1039,0.39,0.31,0.14,0.02
1049.39,0.47,0.39,0.14,0.02
1059.88,0.55,0.47,0.15,0.03
1070.48,0.63,0.55,0.17,0.05
1081.19,0.7,0.62,0.18,0.06
1092,0.78,0.7,0.2,0.08
1102.92,0.86,0.78,0.23,0.11
1113.95,0.92,0.84,0.25,0.13
1125.09,1,0.92,0.29,0.17
1136.34,1.07,0.99,0.33,0.21
1147.7,1.15,1.07,0.39,0.27
1159.18,1.22,1.14,0.44,0.32
1170.77,1.29,1.21,0.49,0.37
1182.48,1.36,1.28,0.56,0.44
1194.3,1.43,1.35,0.62,0.5
1206.25,1.5,1.42,0.7,0.58
1218.31,1.57,1.49,0.78,0.66
1230.49,1.63,1.55,0.86,0.74
1242.8,1.7,1.62,0.94,0.82
1255.22,1.77,1.69,1.03,0.91
1267.78,1.85,1.77,1.12,1
1280.45,1.92,1.84,1.21,1.09
1293.26,2,1.92,1.31,1.19
1306.19,2.06,1.98,1.4,1.28
1319.25,2.14,2.06,1.5,1.38
1332.45,2.2,2.12,1.6,1.48
1345.77,2.27,2.19,1.69,1.57
1359.23,2.34,2.26,1.79,1.67
1372.82,2.41,2.33,1.89,1.77
1386.55,2.48,2.4,1.97,1.85
1400.41,2.55,2.47,2.06,1.94
1414.42,2.62,2.54,2.14,2.02
1428.56,2.67,2.59,2.23,2.11
1442.85,2.74,2.66,2.31,2.19
1457.28,2.81,2.73,2.38,2.26
1471.85,2.87,2.79,2.46,2.34
1486.57,2.94,2.86,2.54,2.42
1501.43,3.02,2.94,2.63,2.51
1516.45,3.1,3.02,2.73,2.61
1531.61,3.19,3.11,2.83,2.71
1546.93,3.28,3.2,2.93,2.81
1562.4,3.37,3.29,3.05,2.93
1578.02,3.46,3.38,3.16,3.04
1593.8,3.54,3.46,3.26,3.14
1609.74,3.65,3.57,3.39,3.27
1625.84,3.75,3.67,3.51,3.39
1642.1,3.87,3.79,3.64,3.52
1658.52,3.98,3.9,3.77,3.65
1675.1,4.09,4.01,3.89,3.77
1691.85,4.2,4.12,4.01,3.89
1708.77,4.32,4.24,4.14,4.02
1725.86,4.45,4.37,4.27,4.15
1743.12,4.57,4.49,4.4,4.28
1760.55,4.7,4.62,4.53,4.41
1778.15,4.82,4.74,4.66,4.54
1795.94,4.94,4.86,4.78,4.66
1813.9,5.08,5,4.91,4.79
1832.03,5.2,5.12,5.05,4.93
1850.36,5.34,5.26,5.19,5.07
1868.86,5.47,5.39,5.32,5.2
1887.55,5.61,5.53,5.46,5.34
1906.42,5.75,5.67,5.6,5.48
1925.49,5.89,5.81,5.74,5.62
1944.74,6.04,5.96,5.89,5.77
1964.19,6.18,6.1,6.04,5.92
1983.83,6.33,6.25,6.17,6.05
2003.67,6.47,6.39,6.31,6.19
2023.71,6.6,6.52,6.42,6.3
2043.94,6.74,6.66,6.54,6.42
2064.38,6.86,6.78,6.65,6.53
2085.03,7,6.92,6.75,6.63
2105.88,7.14,7.06,6.86,6.74
2126.94,7.28,7.2,6.96,6.84
2148.2,7.42,7.34,7.07,6.95
2169.69,7.56,7.48,7.17,7.05
2191.38,7.7,7.62,7.26,7.14
2213.3,7.85,7.77,7.36,7.24
2235.43,7.99,7.91,7.46,7.34
2257.78,8.12,8.04,7.56,7.44
2280.36,8.26,8.18,7.65,7.53
2303.17,8.39,8.31,7.74,7.62
2326.2,8.53,8.45,7.84,7.72
2349.46,8.67,8.59,7.93,7.81
2372.95,8.79,8.71,8.01,7.89
2396.68,8.9,8.82,8.08,7.96
2420.65,9.02,8.94,8.14,8.02
2444.86,9.13,9.05,8.2,8.08
2469.31,9.24,9.16,8.26,8.14
2494,9.36,9.28,8.32,8.2
2518.94,9.46,9.38,8.37,8.25
2544.13,9.55,9.47,8.41,8.29
2569.57,9.65,9.57,8.45,8.33
2595.27,9.75,9.67,8.51,8.39
2621.22,9.86,9.78,8.55,8.43
2647.43,9.95,9.87,8.6,8.48
2673.9,10.03,9.95,8.65,8.53
2700.64,10.11,10.03,8.69,8.57
2727.65,10.2,10.12,8.74,8.62
2754.93,10.28,10.2,8.78,8.66
2782.48,10.36,10.28,8.83,8.71
2810.3,10.44,10.36,8.87,8.75
2838.4,10.49,10.41,8.91,8.79
2866.79,10.54,10.46,8.94,8.82
2895.46,10.61,10.53,8.98,8.86
2924.41,10.66,10.58,9,8.88
2953.65,10.71,10.63,9.03,8.91
2983.19,10.76,10.68,9.05,8.93
3013.02,10.81,10.73,9.07,8.95
3043.15,10.85,10.77,9.08,8.96
3073.58,10.88,10.8,9.08,8.96
3104.32,10.93,10.85,9.08,8.96
3135.36,10.96,10.88,9.07,8.95
3166.72,10.98,10.9,9.05,8.93
3198.38,10.99,10.91,9,8.88
3230.37,11,10.92,8.97,8.85
3262.67,11,10.92,8.92,8.8
3295.3,11,10.92,8.88,8.76
3328.25,11.01,10.93,8.83,8.71
3361.53,11,10.92,8.78,8.66
3395.15,10.99,10.91,8.72,8.6
3429.1,10.97,10.89,8.66,8.54
3463.39,10.95,10.87,8.58,8.46
3498.03,10.95,10.87,8.52,8.4
3533.01,10.93,10.85,8.46,8.34
3568.34,10.9,10.82,8.38,8.26
3604.02,10.87,10.79,8.29,8.17
3640.06,10.84,10.76,8.2,8.08
3676.46,10.8,10.72,8.11,7.99
3713.22,10.77,10.69,8.02,7.9
3750.36,10.74,10.66,7.93,7.81
3787.86,10.7,10.62,7.81,7.69
3825.74,10.67,10.59,7.71,7.59
3864,10.63,10.55,7.6,7.48
3902.64,10.58,10.5,7.49,7.37
3941.66,10.53,10.45,7.39,7.27
3981.08,10.49,10.41,7.29,7.17
4020.89,10.44,10.36,7.17,7.05
4061.1,10.37,10.29,7.05,6.93
4101.71,10.3,10.22,6.93,6.81
4142.73,10.23,10.15,6.82,6.7
4184.15,10.14,10.06,6.71,6.59
4226,10.06,9.98,6.6,6.48
4268.26,9.97,9.89,6.48,6.36
4310.94,9.87,9.79,6.35,6.23
4354.05,9.76,9.68,6.23,6.11
4397.59,9.66,9.58,6.11,5.99
4441.56,9.55,9.47,5.98,5.86
4485.98,9.44,9.36,5.85,5.73
4530.84,9.31,9.23,5.72,5.6
4576.15,9.2,9.12,5.58,5.46
4621.91,9.08,9,5.44,5.32
4668.13,8.96,8.88,5.29,5.17
4714.81,8.84,8.76,5.14,5.02
4761.96,8.72,8.64,4.99,4.87
4809.58,8.62,8.54,4.82,4.7
4857.67,8.51,8.43,4.64,4.52
4906.25,8.4,8.32,4.46,4.34
4955.31,8.29,8.21,4.26,4.14
5004.87,8.19,8.11,4.07,3.95
5054.91,8.11,8.03,3.88,3.76
5105.46,8.02,7.94,3.68,3.56
5156.52,7.94,7.86,3.48,3.36
5208.08,7.86,7.78,3.28,3.16
5260.16,7.78,7.7,3.08,2.96
5312.77,7.71,7.63,2.88,2.76
5365.89,7.62,7.54,2.69,2.57
5419.55,7.54,7.46,2.52,2.4
5473.75,7.47,7.39,2.37,2.25
5528.49,7.39,7.31,2.23,2.11
5583.77,7.31,7.23,2.11,1.99
5639.61,7.23,7.15,2.04,1.92
5696,7.15,7.07,1.98,1.86
5752.96,7.07,6.99,1.97,1.85
5810.49,6.97,6.89,1.98,1.86
5868.6,6.87,6.79,2.02,1.9
5927.28,6.75,6.67,2.09,1.97
5986.56,6.63,6.55,2.18,2.06
6046.42,6.48,6.4,2.27,2.15
6106.89,6.3,6.22,2.38,2.26
6167.96,6.12,6.04,2.5,2.38
6229.64,5.92,5.84,2.63,2.51
6291.93,5.72,5.64,2.76,2.64
6354.85,5.51,5.43,2.91,2.79
6418.4,5.29,5.21,3.06,2.94
6482.58,5.06,4.98,3.21,3.09
6547.41,4.83,4.75,3.35,3.23
6612.88,4.6,4.52,3.48,3.36
6679.01,4.37,4.29,3.61,3.49
6745.8,4.12,4.04,3.72,3.6
6813.26,3.87,3.79,3.81,3.69
6881.39,3.63,3.55,3.88,3.76
6950.21,3.42,3.34,3.95,3.83
7019.71,3.22,3.14,4.01,3.89
7089.91,3.05,2.97,4.07,3.95
7160.81,2.88,2.8,4.11,3.99
7232.41,2.74,2.66,4.13,4.01
7304.74,2.64,2.56,4.15,4.03
7377.79,2.57,2.49,4.17,4.05
7451.56,2.56,2.48,4.2,4.08
7526.08,2.58,2.5,4.24,4.12
7601.34,2.65,2.57,4.31,4.19
7677.35,2.77,2.69,4.41,4.29
7754.13,2.91,2.83,4.54,4.42
7831.67,3.09,3.01,4.71,4.59
7909.98,3.31,3.23,4.93,4.81
7989.08,3.55,3.47,5.19,5.07
8068.98,3.78,3.7,5.49,5.37
8149.67,4.02,3.94,5.84,5.72
8231.16,4.27,4.19,6.21,6.09
8313.47,4.52,4.44,6.61,6.49
8396.61,4.77,4.69,7.01,6.89
8480.57,5.01,4.93,7.42,7.3
8565.38,5.22,5.14,7.77,7.65
8651.03,5.41,5.33,8.09,7.97
8737.54,5.58,5.5,8.35,8.23
8824.92,5.72,5.64,8.53,8.41
8913.17,5.83,5.75,8.64,8.52
9002.3,5.91,5.83,8.66,8.54
9092.32,5.96,5.88,8.56,8.44
9183.25,5.96,5.88,8.36,8.24
9275.08,5.93,5.85,8.05,7.93
9367.83,5.86,5.78,7.67,7.55
9461.51,5.77,5.69,7.18,7.06
9556.12,5.65,5.57,6.6,6.48
9651.68,5.48,5.4,5.94,5.82
9748.2,5.29,5.21,5.22,5.1
9845.68,5.09,5.01,4.47,4.35
9944.14,4.85,4.77,3.69,3.57
10043.58,4.6,4.52,2.91,2.79
10144.02,4.35,4.27,2.15,2.03
10245.46,4.09,4.01,1.41,1.29
10347.91,3.82,3.74,0.73,0.61
10451.39,3.54,3.46,0.11,-0.01
10555.91,3.26,3.18,-0.43,-0.55
10661.46,2.97,2.89,-0.9,-1.02
10768.08,2.68,2.6,-1.3,-1.42
10875.76,2.39,2.31,-1.6,-1.72
10984.52,2.11,2.03,-1.83,-1.95
11094.36,1.83,1.75,-1.99,-2.11
11205.31,1.55,1.47,-2.08,-2.2
11317.36,1.26,1.18,-2.17,-2.29
11430.53,0.96,0.88,-2.24,-2.36
11544.84,0.65,0.57,-2.31,-2.43
11660.29,0.33,0.25,-2.41,-2.53
11776.89,-0.01,-0.09,-2.57,-2.69
11894.66,-0.35,-0.43,-2.77,-2.89
12013.6,-0.72,-0.8,-3.04,-3.16
12133.74,-1.12,-1.2,-3.39,-3.51
12255.08,-1.54,-1.62,-3.81,-3.93
12377.63,-2,-2.08,-4.29,-4.41
12501.41,-2.47,-2.55,-4.82,-4.94
12626.42,-2.98,-3.06,-5.39,-5.51
12752.68,-3.5,-3.58,-5.96,-6.08
12880.21,-4.03,-4.11,-6.51,-6.63
13009.01,-4.54,-4.62,-7.02,-7.14
13139.1,-5.05,-5.13,-7.47,-7.59
13270.49,-5.53,-5.61,-7.82,-7.94
13403.2,-5.97,-6.05,-8.05,-8.17
13537.23,-6.37,-6.45,-8.17,-8.29
13672.6,-6.74,-6.82,-8.18,-8.3
13809.33,-7.07,-7.15,-8.09,-8.21
13947.42,-7.35,-7.43,-7.9,-8.02
14086.9,-7.6,-7.68,-7.63,-7.75
14227.77,-7.81,-7.89,-7.3,-7.42
14370.04,-7.99,-8.07,-6.96,-7.08
14513.74,-8.16,-8.24,-6.65,-6.77
14658.88,-8.3,-8.38,-6.38,-6.5
14805.47,-8.44,-8.52,-6.2,-6.32
14953.52,-8.57,-8.65,-6.14,-6.26
15103.06,-8.73,-8.81,-6.22,-6.34
15254.09,-8.87,-8.95,-6.43,-6.55
15406.63,-9.01,-9.09,-6.77,-6.89
15560.7,-9.11,-9.19,-7.21,-7.33
15716.3,-9.2,-9.28,-7.72,-7.84
15873.47,-9.24,-9.32,-8.27,-8.39
16032.2,-9.27,-9.35,-8.86,-8.98
16192.52,-9.34,-9.42,-9.5,-9.62
16354.45,-9.36,-9.44,-10.08,-10.2
16517.99,-9.33,-9.41,-10.58,-10.7
16683.17,-9.26,-9.34,-10.99,-11.11
16850.01,-9.13,-9.21,-11.31,-11.43
17018.51,-8.98,-9.06,-11.55,-11.67
17188.69,-8.88,-8.96,-11.86,-11.98
17360.58,-8.75,-8.83,-12.09,-12.21
17534.18,-8.59,-8.67,-12.26,-12.38
17709.53,-8.4,-8.48,-12.37,-12.49
17886.62,-8.19,-8.27,-12.47,-12.59
18065.49,-8.1,-8.18,-12.76,-12.88
18246.14,-8.06,-8.14,-13.2,-13.32
18428.6,-8.03,-8.11,-13.63,-13.75
18612.89,-7.97,-8.05,-14.05,-14.17
18799.02,-7.92,-8,-14.44,-14.56
18987.01,-7.85,-7.93,-14.82,-14.94
19176.88,-7.86,-7.94,-15.48,-15.6
19368.65,-7.88,-7.96,-16.15,-16.27
19562.33,-7.87,-7.95,-16.8,-16.92
19757.96,-7.86,-7.94,-17.44,-17.56
19955.54,-7.84,-7.92,-18.06,-18.18
